time,water_level_m,salinity_ppt,doc_mg_c_l
1850-01-01,0.19404330018337826,5.0,10.0
1850-01-02,0.1832356005290337,5.0,10.0
1850-01-03,0.13147039998760454,5.0,10.0
1850-01-04,0.08864600029599591,5.0,10.0
1850-01-05,0.0696340990515053,5.0,10.0
1850-01-06,0.07293609965087042,5.0,10.0
1850-01-07,0.0421024535492507,5.0,10.0
1850-01-08,0.050825399547610194,5.0,10.0
1850-01-09,0.10330744459289638,5.0,10.0
1850-01-10,0.1275644440848794,5.0,10.0
1850-01-11,0.1759950610026719,5.0,10.0
1850-01-12,0.1539004137797414,5.0,10.0
1850-01-13,0.12326365956592919,5.0,10.0
1850-01-14,0.1115144662805232,5.0,10.0
1850-01-15,0.0932744439024685,5.0,10.0
1850-01-16,0.037198299944456684,5.0,10.0
1850-01-17,0.05178424983015286,5.0,10.0
1850-01-18,0.03747911184254203,5.0,10.0
1850-01-19,0.06414346644621756,5.0,10.0
1850-01-20,0.05207120944530606,5.0,10.0
1850-01-21,0.054744330157190636,5.0,10.0
1850-01-22,0.06105678680322983,5.0,10.0
1850-01-23,0.09290049986800167,5.0,10.0
1850-01-24,0.07587826608798767,5.0,10.0
1850-01-25,0.1394318888843681,5.0,10.0
1850-01-26,0.15990569976599872,5.0,10.0
1850-01-27,0.15764510025888673,5.0,10.0
1850-01-28,0.13110209984207535,5.0,10.0
1850-01-29,0.08421811789172093,5.0,10.0
1850-01-30,0.09940289844999103,5.0,10.0
1850-01-31,0.1255221807243472,5.0,10.0
1850-02-01,0.15348527298516185,5.0,10.0
1850-02-02,0.18409227298088918,5.0,10.0
1850-02-03,0.20120715416080046,5.0,10.0
1850-02-04,0.21635027165700774,5.0,10.0
1850-02-05,0.21315218186669735,5.0,10.0
1850-02-06,0.20328081697357642,5.0,10.0
1850-02-07,0.22428199881051095,5.0,10.0
1850-02-08,0.21284045316654837,5.0,10.0
1850-02-09,0.18405378748309464,5.0,10.0
1850-02-10,0.2047355455083939,5.0,10.0
1850-02-11,0.21714690930174482,5.0,10.0
1850-02-12,0.16985672720081418,5.0,10.0
1850-02-13,0.11290300002047277,5.0,10.0
1850-02-14,0.13488554533850403,5.0,10.0
1850-02-15,0.15711054401809188,5.0,10.0
1850-02-16,0.15639472829310064,5.0,10.0
1850-02-17,0.1354397290281442,5.0,10.0
1850-02-18,0.16477672728640458,5.0,10.0
1850-02-19,0.1651346367564055,5.0,10.0
1850-02-20,0.20798790051275873,5.0,10.0
1850-02-21,0.2105887605848424,5.0,10.0
1850-02-22,0.20939676103839314,5.0,10.0
1850-02-23,0.23236381996863278,5.0,10.0
1850-02-24,0.22453600059835746,5.0,10.0
1850-02-25,0.1905692711816591,5.0,10.0
1850-02-26,0.15534409007985497,5.0,10.0
1850-02-27,0.12904816481422285,5.0,10.0
1850-02-28,0.1734242739132352,5.0,10.0
1850-03-01,0.17123987183262693,5.0,10.0
1850-03-02,0.13792200006554756,5.0,10.0
1850-03-03,0.11667143642976874,5.0,10.0
1850-03-04,0.10655299910005528,5.0,10.0
1850-03-05,0.09806324286386361,5.0,10.0
1850-03-06,0.07607530926444656,5.0,10.0
1850-03-07,0.07220527278430426,5.0,10.0
1850-03-08,0.09927936363877224,5.0,10.0
1850-03-09,0.14871699961136023,5.0,10.0
1850-03-10,0.21624636280497703,5.0,10.0
1850-03-11,0.2424083631470799,5.0,10.0
1850-03-12,0.2136370906026865,5.0,10.0
1850-03-13,0.20077545435664013,5.0,10.0
1850-03-14,0.24319345487086963,5.0,10.0
1850-03-15,0.26100809158469473,5.0,10.0
1850-03-16,0.26769290967515924,5.0,10.0
1850-03-17,0.2656031816620548,5.0,10.0
1850-03-18,0.29526345324680564,5.0,10.0
1850-03-19,0.2760402734539727,5.0,10.0
1850-03-20,0.24691108990196478,5.0,10.0
1850-03-21,0.23648554467184646,5.0,10.0
1850-03-22,0.2759594537793573,5.0,10.0
1850-03-23,0.29649881774586695,5.0,10.0
1850-03-24,0.3201439097307286,5.0,10.0
1850-03-25,0.2868352728148414,5.0,10.0
1850-03-26,0.21221699919201076,5.0,10.0
1850-03-27,0.2132560911982912,5.0,10.0
1850-03-28,0.2539769090312112,5.0,10.0
1850-03-29,0.29629099919665625,5.0,10.0
1850-03-30,0.30852918182084815,5.0,10.0
1850-03-31,0.2881860907320612,5.0,10.0
1850-04-01,0.24964736392074724,5.0,10.0
1850-04-02,0.2392910909432411,5.0,10.0
1850-04-03,0.2947208175920629,5.0,10.0
1850-04-04,0.290091091134636,5.0,10.0
1850-04-05,0.2844915445708586,5.0,10.0
1850-04-06,0.2822286366681484,5.0,10.0
1850-04-07,0.277748999320783,5.0,10.0
1850-04-08,0.25112518137491874,5.0,10.0
1850-04-09,0.24221209028656193,5.0,10.0
1850-04-10,0.2479848181356257,5.0,10.0
1850-04-11,0.26379054649805816,5.0,10.0
1850-04-12,0.28949072699987083,5.0,10.0
1850-04-13,0.36729554407271486,5.0,10.0
1850-04-14,0.4209819091542201,5.0,10.0
1850-04-15,0.3539143632353365,5.0,10.0
1850-04-16,0.33069645423113625,5.0,10.0
1850-04-17,0.3422188167992132,5.0,10.0
1850-04-18,0.37239863635804477,5.0,10.0
1850-04-19,0.3288029992785472,5.0,10.0
1850-04-20,0.30067827284305615,5.0,10.0
1850-04-21,0.28409899974228314,5.0,10.0
1850-04-22,0.27975790993235994,5.0,10.0
1850-04-23,0.28655266067381874,5.0,10.0
1850-04-24,0.28601554428088405,5.0,10.0
1850-04-25,0.28163279036668687,5.0,10.0
1850-04-26,0.2869853641356256,5.0,10.0
1850-04-27,0.29612936357855785,5.0,10.0
1850-04-28,0.34999493289532935,5.0,10.0
1850-04-29,0.3744075456685642,5.0,10.0
1850-04-30,0.38427891031437617,5.0,10.0
1850-05-01,0.35314684130943713,5.0,10.0
1850-05-02,0.3503006348907103,5.0,10.0
1850-05-03,0.3741304537893359,5.0,10.0
1850-05-04,0.36435948460922685,5.0,10.0
1850-05-05,0.3173268180889163,5.0,10.0
1850-05-06,0.2604192729063673,5.0,10.0
1850-05-07,0.23667027319419107,5.0,10.0
1850-05-08,0.25331881706157516,5.0,10.0
1850-05-09,0.3153063632854003,5.0,10.0
1850-05-10,0.34594799943295396,5.0,10.0
1850-05-11,0.3575280901713806,5.0,10.0
1850-05-12,0.3681268179340794,5.0,10.0
1850-05-13,0.3365038170215759,5.0,10.0
1850-05-14,0.28906354515037763,5.0,10.0
1850-05-15,0.25947254453653645,5.0,10.0
1850-05-16,0.2995237266852946,5.0,10.0
1850-05-17,0.36433990808481537,5.0,10.0
1850-05-18,0.40701190919550984,5.0,10.0
1850-05-19,0.393238181467219,5.0,10.0
1850-05-20,0.3911484540196984,5.0,10.0
1850-05-21,0.4061690900970589,5.0,10.0
1850-05-22,0.3813232717308129,5.0,10.0
1850-05-23,0.35945618216639225,5.0,10.0
1850-05-24,0.34744890850321813,5.0,10.0
1850-05-25,0.3549303631825201,5.0,10.0
1850-05-26,0.36100327354412165,5.0,10.0
1850-05-27,0.35099336379739365,5.0,10.0
1850-05-28,0.35351027272452024,5.0,10.0
1850-05-29,0.3626773634244093,5.0,10.0
1850-05-30,0.37595463618609065,5.0,10.0
1850-05-31,0.3742228185548024,5.0,10.0
1850-06-01,0.370332001158866,5.0,10.0
1850-06-02,0.3453014525993303,5.0,10.0
1850-06-03,0.31708436224352227,5.0,10.0
1850-06-04,0.31341290906613556,5.0,10.0
1850-06-05,0.3381432725153184,5.0,10.0
1850-06-06,0.3575973637616095,5.0,10.0
1850-06-07,0.34008290871517194,5.0,10.0
1850-06-08,0.32819109024432563,5.0,10.0
1850-06-09,0.34090263615237026,5.0,10.0
1850-06-10,0.34869581747163425,5.0,10.0
1850-06-11,0.3618922729543664,5.0,10.0
1850-06-12,0.34432009096552024,5.0,10.0
1850-06-13,0.3040264546294103,5.0,10.0
1850-06-14,0.27336172742274695,5.0,10.0
1850-06-15,0.28792054620601903,5.0,10.0
1850-06-16,0.29924663618884323,5.0,10.0
1850-06-17,0.3014287267029283,5.0,10.0
1850-06-18,0.3206519088720733,5.0,10.0
1850-06-19,0.32660936203707375,5.0,10.0
1850-06-20,0.3155719082114369,5.0,10.0
1850-06-21,0.32372299850393416,5.0,10.0
1850-06-22,0.33385990946501143,5.0,10.0
1850-06-23,0.3272674535658551,5.0,10.0
1850-06-24,0.3205595456850801,5.0,10.0
1850-06-25,0.3052387276113034,5.0,10.0
1850-06-26,0.30222536290037355,5.0,10.0
1850-06-27,0.3095336364427752,5.0,10.0
1850-06-28,0.2985192723171276,5.0,10.0
1850-06-29,0.28714700087844,5.0,10.0
1850-06-30,0.27084481747843,5.0,10.0
1850-07-01,0.25517763603624294,5.0,10.0
1850-07-02,0.2377209092805839,5.0,10.0
1850-07-03,0.22379709084225297,5.0,10.0
1850-07-04,0.22851918144580005,5.0,10.0
1850-07-05,0.23996072672847674,5.0,10.0
1850-07-06,0.25853736250915305,5.0,10.0
1850-07-07,0.2566439083371989,5.0,10.0
1850-07-08,0.2567247272892432,5.0,10.0
1850-07-09,0.2472920896848492,5.0,10.0
1850-07-10,0.23402846249073495,5.0,10.0
1850-07-11,0.21777959956057408,5.0,10.0
1850-07-12,0.20722589946292347,5.0,10.0
1850-07-13,0.2606548010718822,5.0,10.0
1850-07-14,0.2765806003871002,5.0,10.0
1850-07-15,0.2665983988336851,5.0,10.0
1850-07-16,0.24857710027024135,5.0,10.0
1850-07-17,0.25723850075319366,5.0,10.0
1850-07-18,0.2735453001663462,5.0,10.0
1850-07-19,0.2702179002028704,5.0,10.0
1850-07-20,0.27139900028765196,5.0,10.0
1850-07-21,0.2745993998849393,5.0,10.0
1850-07-22,0.2729964394864658,5.0,10.0
1850-07-23,0.26192479908954397,5.0,10.0
1850-07-24,0.2377566996179148,5.0,10.0
1850-07-25,0.2283967993137984,5.0,10.0
1850-07-26,0.23181309921378274,5.0,10.0
1850-07-27,0.24436070004513458,5.0,10.0
1850-07-28,0.23722330004617592,5.0,10.0
1850-07-29,0.22552659876054176,5.0,10.0
1850-07-30,0.215074500193503,5.0,10.0
1850-07-31,0.22037040012480685,5.0,10.0
1850-08-01,0.23618189905935888,5.0,10.0
1850-08-02,0.24406859910070908,5.0,10.0
1850-08-03,0.24902159923128778,5.0,10.0
1850-08-04,0.25082500043762845,5.0,10.0
1850-08-05,0.2465831995223465,5.0,10.0
1850-08-06,0.25064719884721576,5.0,10.0
1850-08-07,0.24945340002829205,5.0,10.0
1850-08-08,0.2423032989225348,5.0,10.0
1850-08-09,0.240868200156316,5.0,10.0
1850-08-10,0.24425909985343003,5.0,10.0
1850-08-11,0.24895810014344727,5.0,10.0
1850-08-12,0.2410079007327553,5.0,10.0
1850-08-13,0.22831152827204343,5.0,10.0
1850-08-14,0.23663275006055792,5.0,10.0
1850-08-15,0.23874845444979992,5.0,10.0
1850-08-16,0.25159854486952093,5.0,10.0
1850-08-17,0.26534918186772943,5.0,10.0
1850-08-18,0.2612389999521725,5.0,10.0
1850-08-19,0.2689282727097245,5.0,10.0
1850-08-20,0.27989645460962564,5.0,10.0
1850-08-21,0.2795847269675273,5.0,10.0
1850-08-22,0.26234736298097466,5.0,10.0
1850-08-23,0.24546790903215723,5.0,10.0
1850-08-24,0.25536236404246565,5.0,10.0
1850-08-25,0.2710526352857156,5.0,10.0
1850-08-26,0.30941818139453175,5.0,10.0
1850-08-27,0.3538681817343121,5.0,10.0
1850-08-28,0.39028254498470216,5.0,10.0
1850-08-29,0.4043910906378688,5.0,10.0
1850-08-30,0.5417819990943779,5.0,10.0
1850-08-31,0.5444028176670727,5.0,10.0
1850-09-01,0.48961963593147045,5.0,10.0
1850-09-02,0.44662436291792174,5.0,10.0
1850-09-03,0.40899772689423775,5.0,10.0
1850-09-04,0.3759661828339096,5.0,10.0
1850-09-05,0.34386981835798786,5.0,10.0
1850-09-06,0.3068089091363277,5.0,10.0
1850-09-07,0.27214945423440473,5.0,10.0
1850-09-08,0.27732181796160604,5.0,10.0
1850-09-09,0.2901834543087267,5.0,10.0
1850-09-10,0.29055290826098523,5.0,10.0
1850-09-11,0.3025832721746782,5.0,10.0
1850-09-12,0.30738618141199375,5.0,10.0
1850-09-13,0.29849618089888225,5.0,10.0
1850-09-14,0.3242656376855114,5.0,10.0
1850-09-15,0.3577936363705179,5.0,10.0
1850-09-16,0.35038145484274075,5.0,10.0
1850-09-17,0.36037981826852694,5.0,10.0
1850-09-18,0.37220236105024784,5.0,10.0
1850-09-19,0.3657599998761308,5.0,10.0
1850-09-20,0.35236727092428616,5.0,10.0
1850-09-21,0.36428218131444684,5.0,10.0
1850-09-22,0.36226172862703154,5.0,10.0
1850-09-23,0.3542260906537826,5.0,10.0
1850-09-24,0.3764049089656634,5.0,10.0
1850-09-25,0.3715211826687511,5.0,10.0
1850-09-26,0.35579627240245987,5.0,10.0
1850-09-27,0.34565936286286897,5.0,10.0
1850-09-28,0.34345418029183683,5.0,10.0
1850-09-29,0.34734500019956754,5.0,10.0
1850-09-30,0.3281910906400196,5.0,10.0
1850-10-01,0.3106881804822858,5.0,10.0
1850-10-02,0.31190045462975474,5.0,10.0
1850-10-03,0.30378399950443685,5.0,10.0
1850-10-04,0.30337990918501573,5.0,10.0
1850-10-05,0.3099839082718235,5.0,10.0
1850-10-06,0.3238384551134469,5.0,10.0
1850-10-07,0.31641472774859153,5.0,10.0
1850-10-08,0.2984499993462456,5.0,10.0
1850-10-09,0.30478845507258717,5.0,10.0
1850-10-10,0.32875681825278497,5.0,10.0
1850-10-11,0.36440918020409624,5.0,10.0
1850-10-12,0.35299072693965683,5.0,10.0
1850-10-13,0.3515184296570511,5.0,10.0
1850-10-14,0.3382933636941691,5.0,10.0
1850-10-15,0.3347719988741656,5.0,10.0
1850-10-16,0.31744227252426466,5.0,10.0
1850-10-17,0.26264754501825044,5.0,10.0
1850-10-18,0.2534342722517526,5.0,10.0
1850-10-19,0.2759248177885333,5.0,10.0
1850-10-20,0.3067280895692385,5.0,10.0
1850-10-21,0.32315727300941927,5.0,10.0
1850-10-22,0.3175115453403104,5.0,10.0
1850-10-23,0.30090918133096256,5.0,10.0
1850-10-24,0.3229695332217595,5.0,10.0
1850-10-25,0.3443316355251964,5.0,10.0
1850-10-26,0.3499196359701793,5.0,10.0
1850-10-27,0.3359727271178906,5.0,10.0
1850-10-28,0.29316218149121825,5.0,10.0
1850-10-29,0.2636404540181501,5.0,10.0
1850-10-30,0.2527877286610956,5.0,10.0
1850-10-31,0.25176018180588106,5.0,10.0
1850-11-01,0.24086127175214617,5.0,10.0
1850-11-02,0.2250209090547806,5.0,10.0
1850-11-03,0.1872210908748548,5.0,10.0
1850-11-04,0.23170572744846665,5.0,10.0
1850-11-05,0.2658109989897772,5.0,10.0
1850-11-06,0.27251890912858623,5.0,10.0
1850-11-07,0.2452023638824679,5.0,10.0
1850-11-08,0.21196299952671627,5.0,10.0
1850-11-09,0.20263427232486944,5.0,10.0
1850-11-10,0.20071772771745222,5.0,10.0
1850-11-11,0.22390100028137222,5.0,10.0
1850-11-12,0.21061218175788188,5.0,10.0
1850-11-13,0.10633363570730124,5.0,10.0
1850-11-14,0.07227929982700168,5.0,10.0
1850-11-15,0.15478759991824637,5.0,10.0
1850-11-16,0.17045162254019725,5.0,10.0
1850-11-17,0.1874519999627533,5.0,10.0
1850-11-18,0.19571854514005518,5.0,10.0
1850-11-19,0.16163636339765716,5.0,10.0
1850-11-20,0.1417435450174761,5.0,10.0
1850-11-21,0.162086636861092,5.0,10.0
1850-11-22,0.16103599959622053,5.0,10.0
1850-11-23,0.1567180001314389,5.0,10.0
1850-11-24,0.15681036340230234,5.0,10.0
1850-11-25,0.1865168172536589,5.0,10.0
1850-11-26,0.20620181830181664,5.0,10.0
1850-11-27,0.16613909105145447,5.0,10.0
1850-11-28,0.1660236355128952,5.0,10.0
1850-11-29,0.1806286359885877,5.0,10.0
1850-11-30,0.21214772760390546,5.0,10.0
1850-12-01,0.1985620255683296,5.0,10.0
1850-12-02,0.1515456365139139,5.0,10.0
1850-12-03,0.1464356181392209,5.0,10.0
1850-12-04,0.15270018121363094,5.0,10.0
1850-12-05,0.1679411855536244,5.0,10.0
1850-12-06,0.1924627275621856,5.0,10.0
1850-12-07,0.14998850561268037,5.0,10.0
1850-12-08,0.15268363303445276,5.0,10.0
1850-12-09,0.14362175947944442,5.0,10.0
1850-12-10,0.08493221219699618,5.0,10.0
1850-12-11,0.07045036313692946,5.0,10.0
1850-12-12,0.06901872772355988,5.0,10.0
1850-12-13,0.11917218126842587,5.0,10.0
1850-12-14,0.17057254527416077,5.0,10.0
1850-12-15,0.15316584820393467,5.0,10.0
1850-12-16,0.13897494492108184,5.0,10.0
1850-12-17,0.14609618161500174,5.0,10.0
1850-12-18,0.12464472692035918,5.0,10.0
1850-12-19,0.11480800020799732,5.0,10.0
1850-12-20,0.12720089088266556,5.0,10.0
1850-12-21,0.10996520658197144,5.0,10.0
1850-12-22,0.11313390890192232,5.0,10.0
1850-12-23,0.11386786954537413,5.0,10.0
1850-12-24,0.08336237981693048,5.0,10.0
1850-12-25,0.10186669982135302,5.0,10.0
1850-12-26,0.11313076020187668,5.0,10.0
1850-12-27,0.16699922749672408,5.0,10.0
1850-12-28,0.18850494561268535,5.0,10.0
1850-12-29,0.19702780008591692,5.0,10.0
1850-12-30,0.1478857263392347,5.0,10.0
1850-12-31,0.11426625179515935,5.0,10.0
